id,name,score,image,created_at
1,i,101601,i.png,2025-12-16T02:45:58.853Z
2,ii,111958,ii.png,2025-12-16T02:46:19.156Z
3,miki,106070,miki.png,2025-12-16T04:34:30.051Z
4,kati,112794,kati.png,2025-12-16T04:34:52.114Z
5,miki,113703,miki_1.png,2025-12-22T01:39:47.418Z
6,abetarou,95860,abetarou.png,2025-12-22T01:56:43.119Z
7,ぬぬう,472224,ぬぬう.png,2026-01-07T23:56:04.852Z
8,ふみこ,351452,ふみこ.png,2026-01-07T23:56:32.736Z
9,kyu,292446,kyu.png,2026-01-14T00:03:48.698Z
10,pn,265149,pn.png,2026-01-22T02:47:53.616Z
12,pp,358987,pp.png,2026-01-22T02:49:07.717Z
16,gf,382342,gf.png,2026-01-22T02:57:17.913Z
17,gf,265485,gf_1.png,2026-01-22T02:57:34.486Z
18,PLAYER,242885,PLAYER_1.png,2026-01-22T02:58:17.059Z
19,PLAYER,251277,PLAYER_2.png,2026-01-22T02:58:34.891Z
20,PLAYER,291945,PLAYER_3.png,2026-01-22T03:01:03.049Z
21,PLAYER,437057,PLAYER_4.png,2026-01-22T03:01:17.384Z
22,on,337403,on.png,2026-01-29T06:54:29.216Z
23,onko,216741,onko.png,2026-01-29T06:57:07.868Z
24,aaaaaaaaaaaa,243012,aaaaaaaaaaaa.png,2026-01-30T02:47:52.499Z
25,on,100436,on_1.png,2026-01-30T04:52:22.627Z
26,iki,113178,iki.png,2026-01-30T04:52:53.263Z
27,on2,169947,on2.png,2026-01-30T04:55:02.978Z
28,on3,201638,on3.png,2026-01-30T04:55:50.046Z
29,on4,207565,on4.png,2026-01-30T05:01:05.858Z
30,on5,188324,on5.png,2026-01-30T05:01:31.329Z
31,tomo,310489,tomo.png,2026-01-30T05:06:43.238Z
32,tom,238148,tom.png,2026-01-30T05:08:03.536Z
33,on1,257633,on1.png,2026-01-30T06:39:48.366Z
34,on2,129712,on2_1.png,2026-01-30T06:41:20.861Z
35,on 1,236938,on 1.png,2026-01-30T06:47:27.746Z
36,on 2,98960,on 2.png,2026-01-30T06:47:49.743Z
37,oooo,230419,oooo.png,2026-02-02T01:04:04.286Z
38,hiro,193521,hiro.png,2026-02-02T01:07:07.949Z
39,ON,131528,ON_2.png,2026-02-02T01:55:35.512Z
22,ｍにｊん,100868,ｍにｊん.png,2026-01-26T03:52:01.964Z
23,ｌｌ,253005,ｌｌ.png,2026-01-26T03:52:49.243Z
24,PLAYER,221850,PLAYER_5.png,2026-01-26T03:53:27.688Z
25,PLAYER,229418,PLAYER_6.png,2026-01-26T03:54:05.413Z
26,みき,314555,みき.png,2026-01-29T04:35:04.622Z
27,ごご,397071,ごご.png,2026-01-29T04:35:26.029Z
40,mikihuro,287741,mikihuro.png,2026-02-02T07:12:05.497Z
41,ononon,200732,ononon.png,2026-02-02T07:12:59.951Z
42,mikipiro,264882,mikipiro.png,2026-02-02T07:23:07.958Z
43,mikihoro,264280,mikihoro.png,2026-02-02T07:35:08.067Z
44,omn,802901,omn.png,2026-02-02T07:46:17.177Z
